SQ_CANDIDATO;SIGLA_UF;NOME_CANDIDATO;NUMERO_PARTIDO;SIGLA_PARTIDO;IDADE_DATA_POSSE;DESCRICAO_SEXO;DESCRICAO_GRAU_INSTRUCAO;DESCRICAO_ESTADO_CIVIL;DESCRICAO_COR_RACA;DESCRICAO_OCUPACAO;DESC_SIT_TOT_TURNO;SITUACAO_REELEICAO;DES_SITUACAO_CANDIDATURA;votos;TOTAL_RECEITAS
10000600003;AC;MINORU MARTINS KINPARA;18;REDE;50;MASCULINO;SUPERIOR COMPLETO;CASADO(A);AMARELA;SERVIDOR PÚBLICO FEDERAL;NÃO ELEITO;N;APTO;112989;139001,64
10000600229;AC;PAULO LUIZ PEDRAZZA;17;PSL;68;MASCULINO;SUPERIOR COMPLETO;CASADO(A);BRANCA;ADVOGADO;NÃO ELEITO;N;APTO;20302;58600
10000603058;AC;SÉRGIO DE OLIVEIRA CUNHA;55;PSD;58;MASCULINO;ENSINO MÉDIO COMPLETO;CASADO(A);BRANCA;SENADOR;ELEITO;S;APTO;244109;1236289
10000603061;AC;MARCIO MIGUEL BITTAR;15;MDB;55;MASCULINO;SUPERIOR COMPLETO;CASADO(A);BRANCA;HISTORIADOR;ELEITO;N;APTO;185066;2067600
10000615657;AC;JORGE NEY VIANA MACEDO NEVES;13;PT;59;MASCULINO;SUPERIOR COMPLETO;DIVORCIADO(A);PARDA;SENADOR;NÃO ELEITO;S;APTO;117200;1403539
10000615660;AC;JOZINEY ALVES AMORIM;13;PT;42;MASCULINO;SUPERIOR INCOMPLETO;SOLTEIRO(A);BRANCA;DEPUTADO;NÃO ELEITO;N;APTO;115243;325474
20000616686;AL;RODRIGO SANTOS CUNHA;45;PSDB;37;MASCULINO;SUPERIOR COMPLETO;CASADO(A);PARDA;ADVOGADO;ELEITO;N;APTO;895738;1878652,57
20000616688;AL;BENEDITO DE LIRA;11;PP;76;MASCULINO;SUPERIOR COMPLETO;CASADO(A);BRANCA;SENADOR;NÃO ELEITO;S;APTO;364316;2200806,62
20000616900;AL;FLAVIO ANTONIO MORENO DA SILVA;17;PSL;43;MASCULINO;SUPERIOR COMPLETO;CASADO(A);PARDA;SERVIDOR PÚBLICO FEDERAL;NÃO ELEITO;N;APTO;142757;61803
20000616928;AL;SERGIO CABRAL BARBOSA;51;PATRI;65;MASCULINO;ENSINO FUNDAMENTAL COMPLETO;DIVORCIADO(A);BRANCA;OUTROS;NÃO ELEITO;N;APTO;11552;6013,55
20000619789;AL;CICERO FERREIRA ALBUQUERQUE;50;PSOL;53;MASCULINO;SUPERIOR COMPLETO;SOLTEIRO(A);PARDA;PROFESSOR DE ENSINO MÉDIO;NÃO ELEITO;N;APTO;57747;19390,76
20000619794;AL;OSVALDO BATISTA ACIOLY MACIEL;21;PCB;47;MASCULINO;SUPERIOR COMPLETO;CASADO(A);BRANCA;PROFESSOR DE ENSINO SUPERIOR;NÃO ELEITO;N;APTO;14785;16286,59
20000621738;AL;JOSÉ RENAN VASCONCELOS CALHEIROS;15;MDB;63;MASCULINO;SUPERIOR COMPLETO;CASADO(A);BRANCA;SENADOR;ELEITO;S;APTO;621562;2573114,22
20000621740;AL;MAURÍCIO QUINTELLA MALTA LESSA;22;PR;47;MASCULINO;SUPERIOR COMPLETO;CASADO(A);PARDA;DEPUTADO;NÃO ELEITO;N;APTO;494027;2996680,12
30000602700;AP;RICARDO GONÇALVES SANTOS;17;PSL;54;MASCULINO;SUPERIOR COMPLETO;DIVORCIADO(A);BRANCA;ADVOGADO;NÃO ELEITO;N;APTO;11882;2000
30000605843;AP;GILVAM PINHEIRO BORGES;15;MDB;60;MASCULINO;SUPERIOR COMPLETO;DIVORCIADO(A);PARDA;SOCIÓLOGO;NÃO ELEITO;N;APTO;29360;916500
30000605846;AP;FÁTIMA LÚCIA PELAES;15;MDB;59;FEMININO;SUPERIOR COMPLETO;CASADO(A);BRANCA;SOCIÓLOGO;NÃO ELEITO;N;APTO;40403;2001363,88
30000607892;AP;LUIZ CANTUÁRIA BARRETO;14;PTB;54;MASCULINO;ENSINO MÉDIO COMPLETO;CASADO(A);BRANCA;TÉCNICO DE ELETRICIDADE, ELETRÔNICA E TELECOMUNICAÇÕES;ELEITO;N;APTO;128186;497163,2
30000610398;AP;DAVI IVÃ MARTINS DA SILVA;16;PSTU;48;MASCULINO;SUPERIOR COMPLETO;CASADO(A);BRANCA;ADVOGADO;NÃO ELEITO;N;APTO;5641;28500
30000620104;AP;RANDOLPH FREDERICH RODRIGUES ALVES;18;REDE;46;MASCULINO;SUPERIOR COMPLETO;DIVORCIADO(A);BRANCA;SENADOR;ELEITO;S;APTO;264798;1182134
30000620108;AP;SEBASTIÃO FERREIRA DA ROCHA;45;PSDB;61;MASCULINO;SUPERIOR COMPLETO;CASADO(A);BRANCA;SERVIDOR PÚBLICO FEDERAL;NÃO ELEITO;N;APTO;45999;730000
30000622839;AP;JORGE WAGNER COSTA GOMES;33;PMN;65;MASCULINO;SUPERIOR COMPLETO;SOLTEIRO(A);PARDA;ADVOGADO;NÃO ELEITO;N;APTO;5605;8600,2
30000623196;AP;GUARACY BATISTA DA SILVEIRA JUNIOR;36;PTC;44;MASCULINO;SUPERIOR COMPLETO;SOLTEIRO(A);BRANCA;EMPRESÁRIO;NÃO ELEITO;N;APTO;40558;37800
40000602401;AM;LUIZ FERNANDO DE SOUZA SANTOS;50;PSOL;52;MASCULINO;SUPERIOR COMPLETO;CASADO(A);PARDA;PROFESSOR DE ENSINO SUPERIOR;NÃO ELEITO;N;APTO;27488;13451,94
40000602419;AM;RONDINELY FONSECA DA SILVEIRA;50;PSOL;39;MASCULINO;SUPERIOR COMPLETO;CASADO(A);PRETA;JORNALISTA E REDATOR;NÃO ELEITO;N;APTO;14650;13451,94
40000603706;AM;FRANCISCO PLINIO VALERIO TOMAZ;45;PSDB;64;MASCULINO;SUPERIOR COMPLETO;CASADO(A);BRANCA;VEREADOR;ELEITO;N;APTO;834809;736374,24
40000610062;AM;HISSA NAGIB ABRAHAO FILHO;12;PDT;38;MASCULINO;SUPERIOR COMPLETO;CASADO(A);BRANCA;EMPRESÁRIO;NÃO ELEITO;N;APTO;282736;532561,4
40000610064;AM;ALFREDO PEREIRA DO NASCIMENTO;22;PR;66;MASCULINO;SUPERIOR COMPLETO;CASADO(A);PARDA;DEPUTADO;NÃO ELEITO;N;APTO;569766;2709475,62
40000610393;AM;LUIZ CASTRO ANDRADE NETO;18;REDE;60;MASCULINO;SUPERIOR COMPLETO;CASADO(A);BRANCA;DEPUTADO;NÃO ELEITO;N;APTO;581553;174454,61
40000618261;AM;CARLOS EDUARDO DE SOUZA BRAGA;15;MDB;58;MASCULINO;SUPERIOR COMPLETO;CASADO(A);BRANCA;SENADOR;ELEITO;S;APTO;607286;2624230,54
40000627725;AM;VANESSA GRAZZIOTIN;65;PC do B;57;FEMININO;SUPERIOR COMPLETO;CASADO(A);BRANCA;SENADOR;NÃO ELEITO;S;APTO;373948;2005239,76
50000600866;BA;FABIO NOGUEIRA DE OLIVEIRA;50;PSOL;40;MASCULINO;SUPERIOR COMPLETO;DIVORCIADO(A);PRETA;PROFESSOR DE ENSINO SUPERIOR;NÃO ELEITO;N;APTO;165705;118505
50000607712;BA;JAQUES WAGNER;13;PT;67;MASCULINO;SUPERIOR INCOMPLETO;CASADO(A);BRANCA;INDUSTRIAL;ELEITO;N;APTO;4253331;1940184,76
50000607716;BA;ANGELO MARIO CORONEL DE AZEVEDO MARTINS;55;PSD;60;MASCULINO;SUPERIOR COMPLETO;CASADO(A);BRANCA;DEPUTADO;ELEITO;N;APTO;3927598;1698041
50000608057;BA;JORGE VIANNA DIAS DA SILVA;15;MDB;80;MASCULINO;SUPERIOR COMPLETO;VIÚVO(A);BRANCA;MÉDICO;NÃO ELEITO;N;APTO;60907;20000
50000608112;BA;MARCOS DE OLIVEIRA MAURICIO;27;DC;45;MASCULINO;SUPERIOR COMPLETO;CASADO(A);BRANCA;POLICIAL CIVIL;NÃO ELEITO;N;APTO;39780;29000
50000608313;BA;ANTONIO LÁZARO SILVA;20;PSC;52;MASCULINO;ENSINO MÉDIO COMPLETO;CASADO(A);PRETA;EMPRESÁRIO;NÃO ELEITO;N;APTO;1830581;1330915,55
50000608315;BA;JUTAHY MAGALHAES JUNIOR;45;PSDB;63;MASCULINO;SUPERIOR COMPLETO;CASADO(A);BRANCA;DEPUTADO;NÃO ELEITO;N;APTO;948541;1990003,65
50000618936;BA;ADROALDO OLIVEIRA DOS SANTOS;29;PCO;51;MASCULINO;SUPERIOR COMPLETO;SOLTEIRO(A);BRANCA;PROFESSOR DE ENSINO SUPERIOR;NÃO ELEITO;N;APTO;21182;1350
50000622083;BA;CELSO ZALLIO COELHO;28;PRTB;43;MASCULINO;SUPERIOR COMPLETO;SOLTEIRO(A);PARDA;ADMINISTRADOR;NÃO ELEITO;N;APTO;41055;10136,55
50000622084;BA;KLEBER REBOUÇAS RANGEL;17;PSL;58;MASCULINO;ENSINO MÉDIO COMPLETO;DIVORCIADO(A);PARDA;EMPRESÁRIO;NÃO ELEITO;N;APTO;577645;66109,54
60000605116;CE;EUNÍCIO LOPES DE OLIVEIRA;15;MDB;66;MASCULINO;SUPERIOR COMPLETO;CASADO(A);PARDA;SENADOR;NÃO ELEITO;S;APTO;1313793;3349300
60000605120;CE;MARCIO ANTONIO ALMEIDA PINHEIRO;17;PSL;41;MASCULINO;SUPERIOR COMPLETO;CASADO(A);BRANCA;MÉDICO;NÃO ELEITO;N;APTO;183949;8500
60000605121;CE;PEDRO RIBEIRO FILHO;17;PSL;72;MASCULINO;SUPERIOR COMPLETO;CASADO(A);BRANCA;SACERDOTE OU MEMBRO DE ORDEM OU SEITA RELIGIOSA;NÃO ELEITO;N;APTO;334561;200
60000610981;CE;CID FERREIRA GOMES;12;PDT;55;MASCULINO;SUPERIOR COMPLETO;CASADO(A);BRANCA;ENGENHEIRO;ELEITO;N;APTO;3228533;2719700,89
60000611596;CE;MAYRA ISABEL CORREIA PINHEIRO;45;PSDB;52;FEMININO;SUPERIOR COMPLETO;DIVORCIADO(A);BRANCA;MÉDICO;NÃO ELEITO;N;APTO;882019;1136038,4
60000611597;CE;LUIS EDUARDO GRANGEIRO GIRÃO;90;PROS;46;MASCULINO;ENSINO MÉDIO COMPLETO;CASADO(A);PARDA;EMPRESÁRIO;ELEITO;N;APTO;1325786;3400340
60000620531;CE;ANNA KARINA CAVALCANTE DE OLIVEIRA;50;PSOL;45;FEMININO;SUPERIOR COMPLETO;CASADO(A);BRANCA;PROFESSOR DE ENSINO MÉDIO;NÃO ELEITO;N;APTO;316922;34523,87
60000620534;CE;JAMIESON RODRIGUES SIMÕES;50;PSOL;42;MASCULINO;SUPERIOR COMPLETO;CASADO(A);PRETA;SACERDOTE OU MEMBRO DE ORDEM OU SEITA RELIGIOSA;NÃO ELEITO;N;APTO;150644;25263,72
60000622554;CE;JOÃO FRANCISCO SARAIVA MENEZES;18;REDE;62;MASCULINO;SUPERIOR COMPLETO;CASADO(A);BRANCA;SERVIDOR PÚBLICO MUNICIPAL;NÃO ELEITO;N;APTO;21654;12484
70000602381;DF;PAULO ROBERTO ROQUE ANTONIO KHOURI;30;NOVO;51;MASCULINO;SUPERIOR COMPLETO;CASADO(A);BRANCA;ADVOGADO;NÃO ELEITO;N;APTO;202834;745873
70000602706;DF;FRANCISCO CLAUDIO CORREA MEYER SANT ANNA;50;PSOL;61;MASCULINO;SUPERIOR COMPLETO;CASADO(A);BRANCA;JORNALISTA E REDATOR;NÃO ELEITO;N;APTO;17074;12068,29
70000602707;DF;MARIVALDO DE CASTRO PEREIRA;50;PSOL;39;MASCULINO;SUPERIOR COMPLETO;SOLTEIRO(A);PRETA;SERVIDOR PÚBLICO FEDERAL;NÃO ELEITO;N;APTO;83112;348118,29
70000605782;DF;ROBSON RAYMUNDO DA SILVA;16;PSTU;48;MASCULINO;SUPERIOR COMPLETO;SOLTEIRO(A);PARDA;PROFESSOR DE ENSINO MÉDIO;NÃO ELEITO;N;APTO;5319;4093,93
70000610832;DF;MARCELO DA COSTA PINTO NEVES;13;PT;61;MASCULINO;SUPERIOR COMPLETO;CASADO(A);BRANCA;ADVOGADO;NÃO ELEITO;N;APTO;73753;362799,1
70000610833;DF;WASNY NAKLE DE ROURE;13;PT;67;MASCULINO;SUPERIOR COMPLETO;CASADO(A);BRANCA;DEPUTADO;NÃO ELEITO;N;APTO;218058;394352,1
70000613822;DF;CRISTOVAM RICARDO CAVALCANTI BUARQUE;23;PPS;74;MASCULINO;SUPERIOR COMPLETO;CASADO(A);BRANCA;SENADOR;NÃO ELEITO;S;APTO;317778;2053313,01
70000613826;DF;FERNANDO DE CASTRO MARQUES;77;SOLIDARIEDADE;64;MASCULINO;SUPERIOR INCOMPLETO;CASADO(A);PARDA;EMPRESÁRIO;NÃO ELEITO;N;APTO;124904;2946131,64
70000614410;DF;LEILA GOMES DE BARROS RÊGO;40;PSB;47;FEMININO;SUPERIOR INCOMPLETO;CASADO(A);BRANCA;ATLETA PROFISSIONAL E TÉCNICO EM DESPORTOS;ELEITO;N;APTO;467787;3067994,03
70000614413;DF;FRANCISCO LEITE DE OLIVEIRA;18;REDE;54;MASCULINO;SUPERIOR COMPLETO;DIVORCIADO(A);BRANCA;SERVIDOR PÚBLICO FEDERAL;NÃO ELEITO;N;APTO;195641;499304
70000614987;DF;FADI FAYEZ FARAJ;44;PRP;53;MASCULINO;SUPERIOR COMPLETO;CASADO(A);PARDA;SACERDOTE OU MEMBRO DE ORDEM OU SEITA RELIGIOSA;NÃO ELEITO;N;APTO;268078;227132,6
70000615014;DF;ATILA MAIA DA ROCHA;28;PRTB;62;MASCULINO;SUPERIOR COMPLETO;DIVORCIADO(A);BRANCA;MEMBRO DAS FORÇAS ARMADAS;NÃO ELEITO;N;APTO;135573;6095,39
70000616399;DF;DANILO MATOSO MACEDO;29;PCO;44;MASCULINO;SUPERIOR COMPLETO;CASADO(A);PARDA;ARQUITETO;NÃO ELEITO;N;APTO;0;1350
70000621956;DF;JOÃO PEDRO FERRAZ DOS PASSOS;54;PPL;66;MASCULINO;SUPERIOR COMPLETO;CASADO(A);BRANCA;ADVOGADO;NÃO ELEITO;N;APTO;0;1104790,98
70000624572;DF;EVERARDO ALVES RIBEIRO;33;PMN;64;MASCULINO;SUPERIOR COMPLETO;CASADO(A);PARDA;MAGISTRADO;NÃO ELEITO;N;APTO;77682;40800
70000625515;DF;IZALCI LUCAS FERREIRA;45;PSDB;62;MASCULINO;SUPERIOR COMPLETO;CASADO(A);BRANCA;DEPUTADO;ELEITO;N;APTO;403735;2988000
70000625518;DF;AMABILE APARECIDA PACIOS DE ANDRADE;22;PR;64;FEMININO;SUPERIOR COMPLETO;DIVORCIADO(A);BRANCA;PROFESSOR DE ENSINO MÉDIO;NÃO ELEITO;N;APTO;43089;1713200,1
80000600185;ES;ULISSES PINCELLI;30;NOVO;55;MASCULINO;SUPERIOR COMPLETO;DIVORCIADO(A);BRANCA;OUTROS;NÃO ELEITO;N;APTO;37119;14955,04
80000607499;ES;MAGNO PEREIRA MALTA;22;PR;61;MASCULINO;SUPERIOR COMPLETO;CASADO(A);PRETA;MÚSICO;NÃO ELEITO;S;APTO;611284;2819275,6
80000607527;ES;SÉRGIO DE ASSIS LOPES;17;PSL;41;MASCULINO;SUPERIOR COMPLETO;CASADO(A);PARDA;BOMBEIRO MILITAR;NÃO ELEITO;N;APTO;247165;78996
80000612948;ES;FABIANO CONTARATO;18;REDE;52;MASCULINO;SUPERIOR COMPLETO;CASADO(A);BRANCA;POLICIAL CIVIL;ELEITO;N;APTO;1117036;228604
80000625508;ES;MARCOS RIBEIRO DO VAL;23;PPS;47;MASCULINO;ENSINO MÉDIO COMPLETO;CASADO(A);BRANCA;OUTROS;ELEITO;N;APTO;863359;130930
80000625509;ES;RICARDO DE REZENDE FERRAÇO;45;PSDB;55;MASCULINO;ENSINO MÉDIO COMPLETO;CASADO(A);BRANCA;SENADOR;NÃO ELEITO;S;APTO;480122;2995299
80000625723;ES;LIUDIMILA KATRINI PROXIMOZER;50;PSOL;36;FEMININO;SUPERIOR COMPLETO;SOLTEIRO(A);BRANCA;PROFESSOR DE ENSINO MÉDIO;NÃO ELEITO;N;APTO;24496;5127
80000625744;ES;MAURO RIBEIRO;21;PCB;50;MASCULINO;SUPERIOR COMPLETO;CASADO(A);PRETA;SERVIDOR PÚBLICO ESTADUAL;NÃO ELEITO;N;APTO;8287;19939,15
80000626749;ES;CELIA MARIA VILELA TAVARES;13;PT;53;FEMININO;SUPERIOR COMPLETO;SOLTEIRO(A);BRANCA;PROFESSOR DE ENSINO SUPERIOR;NÃO ELEITO;N;APTO;164845;203320
80000627612;ES;HELDER PAULO CARNIELLI;14;PTB;61;MASCULINO;SUPERIOR COMPLETO;CASADO(A);BRANCA;ENGENHEIRO;NÃO ELEITO;N;APTO;22844;46914
80000627979;ES;ROGERIO BERNARDO;35;PMB;40;MASCULINO;SUPERIOR COMPLETO;CASADO(A);PRETA;ADVOGADO;NÃO ELEITO;N;APTO;9531;200500
90000602021;GO;FABRICIO SILVA ROSA;50;PSOL;39;MASCULINO;SUPERIOR COMPLETO;CASADO(A);PARDA;SERVIDOR PÚBLICO FEDERAL;NÃO ELEITO;N;APTO;45833;50595,74
90000609233;GO;AGENOR MARIANO DA SILVA NETO;15;MDB;44;MASCULINO;SUPERIOR COMPLETO;CASADO(A);PARDA;EMPRESÁRIO;NÃO ELEITO;N;APTO;196614;413843,33
90000609234;GO;VANDERLAN VIEIRA CARDOSO;11;PP;56;MASCULINO;ENSINO MÉDIO COMPLETO;CASADO(A);BRANCA;EMPRESÁRIO;ELEITO;N;APTO;1729637;2600190
90000609445;GO;MARCONI FERREIRA PERILLO JÚNIOR;45;PSDB;55;MASCULINO;SUPERIOR COMPLETO;CASADO(A);BRANCA;ADVOGADO;NÃO ELEITO;N;APTO;416613;3442516,61
90000609449;GO;LÚCIA VÂNIA ABRÃO;40;PSB;74;FEMININO;SUPERIOR COMPLETO;DIVORCIADO(A);BRANCA;SENADOR;NÃO ELEITO;S;APTO;519691;3650000
90000613469;GO;WILDER PEDRO DE MORAIS;25;DEM;50;MASCULINO;SUPERIOR COMPLETO;DIVORCIADO(A);BRANCA;SENADOR;NÃO ELEITO;S;APTO;796387;2690349,65
90000613472;GO;JORGE KAJURU REIS DA COSTA NASSER;44;PRP;58;MASCULINO;ENSINO FUNDAMENTAL INCOMPLETO;DIVORCIADO(A);BRANCA;JORNALEIRO;ELEITO;N;APTO;1557415;234105,33
90000618808;GO;ALESSANDRO AQUINO CIRQUEIRA;29;PCO;27;MASCULINO;SUPERIOR COMPLETO;CASADO(A);BRANCA;ADVOGADO;NÃO ELEITO;N;APTO;0;1350
90000619105;GO;LUÍS CESAR BUENO E FREITAS;13;PT;58;MASCULINO;SUPERIOR COMPLETO;DIVORCIADO(A);BRANCA;DEPUTADO;NÃO ELEITO;N;APTO;101743;563041
90000619107;GO;MARIA GELI SANCHES;13;PT;57;FEMININO;SUPERIOR COMPLETO;CASADO(A);BRANCA;VEREADOR;NÃO ELEITO;N;APTO;132773;439327,15
90000621005;GO;MAGDA MARIA BORGES;21;PCB;45;FEMININO;SUPERIOR COMPLETO;DIVORCIADO(A);BRANCA;ESTUDANTE, BOLSISTA, ESTAGIÁRIO E ASSEMELHADOS;NÃO ELEITO;N;APTO;20623;3835,98
100000602467;MA;SAULO COSTA ARCANGELI;16;PSTU;47;MASCULINO;SUPERIOR COMPLETO;CASADO(A);BRANCA;SERVIDOR PÚBLICO FEDERAL;NÃO ELEITO;N;APTO;36436;2944
100000602468;MA;LUCIANA COSTA CORREA;16;PSTU;37;FEMININO;SUPERIOR INCOMPLETO;SOLTEIRO(A);PRETA;FIANDEIRO, TECELÃO, TINGIDOR E ASSEMELHADOS;NÃO ELEITO;N;APTO;47407;2067,85
100000603920;MA;WEVERTON ROCHA MARQUES DE SOUSA;12;PDT;39;MASCULINO;SUPERIOR COMPLETO;CASADO(A);PRETA;DEPUTADO;ELEITO;N;APTO;1997450;2302218
100000603923;MA;ELIZIANE PEREIRA GAMA MELO;23;PPS;41;FEMININO;SUPERIOR COMPLETO;CASADO(A);PARDA;DEPUTADO;ELEITO;N;APTO;1539942;1329479,16
100000608136;MA;EDISON LOBÃO;15;MDB;82;MASCULINO;SUPERIOR COMPLETO;CASADO(A);BRANCA;SENADOR;NÃO ELEITO;S;APTO;553307;3502000
100000608138;MA;JOSE SARNEY FILHO;43;PV;61;MASCULINO;SUPERIOR COMPLETO;CASADO(A);BRANCA;DEPUTADO;NÃO ELEITO;N;APTO;752921;2445552,1
100000612585;MA;JOSE REINALDO CARNEIRO TAVARES;45;PSDB;79;MASCULINO;SUPERIOR COMPLETO;SEPARADO(A) JUDICIALMENTE;BRANCA;DEPUTADO;NÃO ELEITO;N;APTO;219251;1613284
100000612587;MA;ALEXANDRE VICENTE DE PAULA ALMEIDA;45;PSDB;35;MASCULINO;SUPERIOR COMPLETO;CASADO(A);BRANCA;ADVOGADO;NÃO ELEITO;N;APTO;191997;1638616,74
100000613999;MA;SAMOEL CAMPELO;17;PSL;43;MASCULINO;ENSINO MÉDIO COMPLETO;CASADO(A);PARDA;TÉCNICO CONTABILIDADE, ESTATÍSTICA, ECONOMIA DOMÉSTICA E ADMINISTRAÇÃO;NÃO ELEITO;N;APTO;254988;45976,95
100000618769;MA;IÊGO BRUNNO COSTA CASTRO;21;PCB;35;MASCULINO;SUPERIOR INCOMPLETO;SOLTEIRO(A);BRANCA;SERVIDOR PÚBLICO ESTADUAL;NÃO ELEITO;N;APTO;23327;31449,55
100000618783;MA;SAULO PINTO SILVA;50;PSOL;37;MASCULINO;SUPERIOR COMPLETO;DIVORCIADO(A);PRETA;PROFESSOR DE ENSINO SUPERIOR;NÃO ELEITO;N;APTO;87100;15106,22
110000600720;MT;WALDIR CALDAS RODRIGUES;30;NOVO;64;MASCULINO;SUPERIOR COMPLETO;CASADO(A);BRANCA;ADVOGADO;NÃO ELEITO;N;APTO;71494;29893,76
110000607694;MT;MAURO CÉSAR LARA DE BARROS;50;PSOL;43;MASCULINO;SUPERIOR COMPLETO;CASADO(A);PRETA;SERVIDOR PÚBLICO FEDERAL;NÃO ELEITO;N;APTO;226053;175792,01
110000607696;MT;GILBERTO LOPES FILHO;50;PSOL;56;MASCULINO;SUPERIOR COMPLETO;SOLTEIRO(A);BRANCA;SERVIDOR PÚBLICO FEDERAL;NÃO ELEITO;N;APTO;6079;7618,12
110000609944;MT;MARIA LUCIA CAVALLI NEDER;65;PC do B;67;FEMININO;SUPERIOR COMPLETO;CASADO(A);PARDA;PROFESSOR DE ENSINO SUPERIOR;NÃO ELEITO;N;APTO;172259;1847407,55
110000609946;MT;ADILTON DOMINGOS SACHETTI;10;PRB;62;MASCULINO;SUPERIOR COMPLETO;VIÚVO(A);BRANCA;ARQUITETO;NÃO ELEITO;N;APTO;333082;2748470,34
110000612714;MT;JAYME VERISSIMO DE CAMPOS;25;DEM;67;MASCULINO;ENSINO MÉDIO COMPLETO;CASADO(A);PARDA;EMPRESÁRIO;ELEITO;N;APTO;490699;2533675,32
110000612717;MT;CARLOS HENRIQUE BAQUETA FAVARO;55;PSD;49;MASCULINO;SUPERIOR COMPLETO;CASADO(A);BRANCA;PRODUTOR AGROPECUÁRIO;NÃO ELEITO;N;APTO;434972;2381537,22
110000613182;MT;NILSON APARECIDO LEITÃO;45;PSDB;49;MASCULINO;ENSINO MÉDIO COMPLETO;CASADO(A);PARDA;DEPUTADO;NÃO ELEITO;N;APTO;330430;2960886
110000613185;MT;SELMA ROSANE SANTOS ARRUDA;17;PSL;56;FEMININO;SUPERIOR COMPLETO;CASADO(A);BRANCA;APOSENTADO (EXCETO SERVIDOR PÚBLICO);ELEITO;N;APTO;678542;1831456,93
110000621994;MT;ALADIR LEITE ALBUQUERQUE;54;PPL;61;MASCULINO;SUPERIOR COMPLETO;CASADO(A);PARDA;SERVIDOR PÚBLICO CIVIL APOSENTADO;NÃO ELEITO;N;APTO;9325;860
110000622010;MT;SEBASTIÃO CARLOS GOMES DE CARVALHO;18;REDE;70;MASCULINO;SUPERIOR COMPLETO;CASADO(A);BRANCA;ADVOGADO;NÃO ELEITO;N;APTO;8900;69960,62
120000603540;MS;DORIVAL BETINI;35;PMB;54;MASCULINO;SUPERIOR COMPLETO;CASADO(A);BRANCA;SERVIDOR PÚBLICO ESTADUAL;NÃO ELEITO;N;APTO;14415;16970
120000603773;MS;HUMBERTO SAVIO ABUSSAFI FIGUEIRÓ;19;PODE;51;MASCULINO;SUPERIOR COMPLETO;CASADO(A);BRANCA;ADVOGADO;NÃO ELEITO;N;APTO;0;13125
120000605501;MS;MARIO CESAR FONSECA DA SILVA;65;PC do B;45;MASCULINO;SUPERIOR COMPLETO;SOLTEIRO(A);BRANCA;ADVOGADO;NÃO ELEITO;N;APTO;30619;103811
120000606861;MS;EDNEI MARCELO MIGLIOLI;45;PSDB;47;MASCULINO;SUPERIOR COMPLETO;CASADO(A);BRANCA;PECUARISTA;NÃO ELEITO;N;APTO;347861;1291915,13
120000606866;MS;NELSON TRAD FILHO;14;PTB;57;MASCULINO;SUPERIOR COMPLETO;CASADO(A);BRANCA;MÉDICO;ELEITO;N;APTO;424085;507291,79
120000612741;MS;ANISIO GUILHERME DA FONSECA;50;PSOL;52;MASCULINO;SUPERIOR COMPLETO;CASADO(A);INDÍGENA;PORTEIRO DE EDIFÍCIO, ASCENSORISTA, GARAGISTA E ZELADOR;NÃO ELEITO;N;APTO;28888;11311,51
120000620261;MS;JOSE ORCIRIO MIRANDA DOS SANTOS;13;PT;68;MASCULINO;SUPERIOR COMPLETO;CASADO(A);BRANCA;DEPUTADO;NÃO ELEITO;N;APTO;294059;1284116,67
120000623873;MS;SORAYA VIEIRA THRONICKE;17;PSL;45;FEMININO;SUPERIOR COMPLETO;CASADO(A);BRANCA;ADVOGADO;ELEITO;N;APTO;373712;76001
120000624873;MS;WALDEMIR MOKA MIRANDA DE BRITTO;15;MDB;67;MASCULINO;SUPERIOR COMPLETO;VIÚVO(A);BRANCA;SENADOR;NÃO ELEITO;S;APTO;357427;2491733,72
120000627285;MS;SERGIO FERNANDO RAIMUNDO HARFOUCHE;20;PSC;55;MASCULINO;SUPERIOR COMPLETO;CASADO(A);BRANCA;MEMBRO DO MINISTÉRIO PÚBLICO;NÃO ELEITO;N;APTO;292301;228224,1
120000627470;MS;THIAGO DE FREITAS SANTOS;54;PPL;36;MASCULINO;SUPERIOR COMPLETO;SOLTEIRO(A);BRANCA;FARMACÊUTICO;NÃO ELEITO;N;APTO;0;43767,2
120000628740;MS;GILMAR NERI DE SOUZA;10;PRB;50;MASCULINO;SUPERIOR INCOMPLETO;CASADO(A);BRANCA;VEREADOR;NÃO ELEITO;N;APTO;35227;56650
120000630079;MS;DELCIDIO DO AMARAL GOMEZ;36;PTC;63;MASCULINO;SUPERIOR COMPLETO;CASADO(A);BRANCA;ENGENHEIRO;NÃO ELEITO;N;APTO;109927;42500
130000600704;MG;RODRIGO ANTÔNIO DE PAIVA;30;NOVO;55;MASCULINO;SUPERIOR COMPLETO;CASADO(A);BRANCA;EMPRESÁRIO;NÃO ELEITO;N;APTO;1342645;134673,17
130000604554;MG;DINIS ANTÔNIO PINHEIRO;77;SOLIDARIEDADE;51;MASCULINO;SUPERIOR COMPLETO;CASADO(A);BRANCA;EMPRESÁRIO;NÃO ELEITO;N;APTO;3251175;1933844,71
130000604556;MG;RODRIGO OTÁVIO SOARES PACHECO;25;DEM;42;MASCULINO;SUPERIOR COMPLETO;SEPARADO(A) JUDICIALMENTE;BRANCA;ADVOGADO;ELEITO;N;APTO;3616864;3819830,85
130000606598;MG;EDSON ANDRE DOS REIS;70;AVANTE;51;MASCULINO;SUPERIOR COMPLETO;CASADO(A);PRETA;OUTROS;NÃO ELEITO;N;APTO;29869;371147,59
130000606639;MG;TÚLIO CESAR DIAS LOPES;21;PCB;36;MASCULINO;SUPERIOR COMPLETO;SOLTEIRO(A);PARDA;ESTUDANTE, BOLSISTA, ESTAGIÁRIO E ASSEMELHADOS;NÃO ELEITO;N;APTO;92165;35738,35
130000606704;MG;DUDA SALABERT;50;PSOL;37;FEMININO;SUPERIOR COMPLETO;SOLTEIRO(A);BRANCA;PROFESSOR DE ENSINO MÉDIO;NÃO ELEITO;N;APTO;351874;87288,15
130000612381;MG;CARLOS ALBERTO DIAS VIANA;31;PHS;55;MASCULINO;SUPERIOR COMPLETO;CASADO(A);PARDA;JORNALISTA E REDATOR;ELEITO;N;APTO;3568658;802262,68
130000622066;MG;VANESSA PORTUGAL BARBOSA;16;PSTU;48;FEMININO;SUPERIOR COMPLETO;CASADO(A);BRANCA;PROFESSOR DE ENSINO FUNDAMENTAL;NÃO ELEITO;N;APTO;53272;16260,15
130000624867;MG;CARLOS EDUARDO BRAGA MENEZES;18;REDE;39;MASCULINO;ENSINO MÉDIO COMPLETO;CASADO(A);BRANCA;SERVIDOR PÚBLICO MUNICIPAL;NÃO ELEITO;N;APTO;86771;53370
130000626944;MG;DILMA VANA ROUSSEFF;13;PT;71;FEMININO;SUPERIOR COMPLETO;SEPARADO(A) JUDICIALMENTE;BRANCA;OUTROS;NÃO ELEITO;N;APTO;2709223;4201928,82
130000627683;MG;ELIO ANTONIO LACERDA;54;PPL;64;MASCULINO;SUPERIOR COMPLETO;CASADO(A);BRANCA;POLICIAL MILITAR;NÃO ELEITO;N;APTO;307197;138820,42
130000628818;MG;MIGUEL CORREA DA SILVA JÚNIOR;13;PT;40;MASCULINO;SUPERIOR COMPLETO;CASADO(A);PARDA;DEPUTADO;NÃO ELEITO;N;APTO;1282946;912324,99
130000629443;MG;LUÍZ FÁBIO CHEREM;12;PDT;50;MASCULINO;SUPERIOR COMPLETO;CASADO(A);BRANCA;DEPUTADO;NÃO ELEITO;N;APTO;899824;1539820,89
140000604134;PA;BENEDITA DUARTE DO AMARAL;16;PSTU;64;FEMININO;SUPERIOR COMPLETO;SOLTEIRO(A);PRETA;PROFESSOR DE ENSINO FUNDAMENTAL;NÃO ELEITO;N;APTO;38183;4349
140000604415;PA;URSULA VIDAL SANTIAGO DE MENDONÇA;50;PSOL;47;FEMININO;SUPERIOR COMPLETO;CASADO(A);PARDA;JORNALISTA E REDATOR;NÃO ELEITO;N;APTO;585344;291087,8
140000604468;PA;IROMARTO LAURIANO SOBRAL CARDOSO;54;PPL;52;MASCULINO;SUPERIOR COMPLETO;CASADO(A);BRANCA;PUBLICITÁRIO;NÃO ELEITO;N;APTO;21996;2900,35
140000605248;PA;WLADIMIR AFONSO DA COSTA RABELO;77;SOLIDARIEDADE;55;MASCULINO;ENSINO MÉDIO COMPLETO;DIVORCIADO(A);PARDA;DEPUTADO;NÃO ELEITO;N;APTO;0;362310,3
140000610437;PA;FERNANDO DE SOUZA FLEXA RIBEIRO;45;PSDB;73;MASCULINO;SUPERIOR COMPLETO;DIVORCIADO(A);BRANCA;SENADOR;NÃO ELEITO;S;APTO;1138377;2679866,64
140000620972;PA;OSMAR DA SILVA NASCIMENTO;12;PDT;53;MASCULINO;SUPERIOR COMPLETO;CASADO(A);BRANCA;POLICIAL MILITAR;NÃO ELEITO;N;APTO;324331;559575
140000621028;PA;SHYDNEY JORGE ROSA;40;PSB;62;MASCULINO;SUPERIOR COMPLETO;CASADO(A);BRANCA;DEPUTADO;NÃO ELEITO;N;APTO;642299;1058412,83
140000621333;PA;JADER FONTENELLE BARBALHO;15;MDB;74;MASCULINO;SUPERIOR COMPLETO;DIVORCIADO(A);PARDA;SENADOR;ELEITO;S;APTO;1383306;2041746,7
140000621337;PA;JOSÉ DA CRUZ MARINHO;20;PSC;59;MASCULINO;SUPERIOR COMPLETO;CASADO(A);BRANCA;PEDAGOGO;ELEITO;N;APTO;1374956;559628,73
140000627201;PA;JOSÉ GERALDO TORRES DA SILVA;13;PT;57;MASCULINO;ENSINO MÉDIO COMPLETO;DIVORCIADO(A);BRANCA;DEPUTADO;NÃO ELEITO;N;APTO;806654;1160831,59
140000627207;PA;GERSON DOURAO DA COSTA;65;PC do B;41;MASCULINO;SUPERIOR COMPLETO;CASADO(A);BRANCA;PROFESSOR DE ENSINO MÉDIO;NÃO ELEITO;N;APTO;126078;31443
140000627357;PA;JARBAS VASCONCELOS DO CARMO;43;PV;52;MASCULINO;SUPERIOR COMPLETO;CASADO(A);PARDA;ADVOGADO;NÃO ELEITO;N;APTO;440597;2454946
150000600159;PB;NELSON ALEIXO DA SILVA JÚNIOR;50;PSOL;49;MASCULINO;SUPERIOR COMPLETO;CASADO(A);PARDA;PROFESSOR DE ENSINO SUPERIOR;NÃO ELEITO;N;APTO;82153;15825,57
150000600162;PB;JOSÉ NIVALDO MANGUEIRA DE ASSIS;50;PSOL;69;MASCULINO;SUPERIOR COMPLETO;CASADO(A);BRANCA;PROFESSOR DE ENSINO SUPERIOR;NÃO ELEITO;N;APTO;14461;12468,07
150000603510;PB;VENEZIANO VITAL DO RÊGO SEGUNDO NETO;40;PSB;48;MASCULINO;SUPERIOR COMPLETO;CASADO(A);BRANCA;DEPUTADO;ELEITO;N;APTO;844786;1625720,18
150000603512;PB;LUIZ ALBUQUERQUE COUTO;13;PT;73;MASCULINO;SUPERIOR COMPLETO;SOLTEIRO(A);BRANCA;DEPUTADO;NÃO ELEITO;N;APTO;792420;1477729,7
150000611212;PB;ANTONIO ROBERTO DE SOUSA PAULINO;15;MDB;67;MASCULINO;SUPERIOR COMPLETO;CASADO(A);BRANCA;ADVOGADO;NÃO ELEITO;N;APTO;262998;301380
150000615600;PB;DANIELLA VELLOSO BORGES RIBEIRO;11;PP;46;FEMININO;SUPERIOR COMPLETO;CASADO(A);BRANCA;PEDAGOGO;ELEITO;N;APTO;831701;2906580,04
150000615603;PB;CÁSSIO RODRIGUES DA CUNHA LIMA;45;PSDB;55;MASCULINO;SUPERIOR COMPLETO;CASADO(A);BRANCA;ADVOGADO;NÃO ELEITO;S;APTO;601343;2540294,94
160000609227;PR;ORIOVISTO GUIMARAES;19;PODE;73;MASCULINO;SUPERIOR COMPLETO;DIVORCIADO(A);BRANCA;EMPRESÁRIO;ELEITO;N;APTO;2957239;3443000
160000609967;PR;FLAVIO JOSE ARNS;18;REDE;68;MASCULINO;SUPERIOR COMPLETO;CASADO(A);BRANCA;PROFESSOR DE ENSINO SUPERIOR;ELEITO;N;APTO;2331740;320586,76
160000609983;PR;LUIZ ADÃO MARQUES;27;DC;55;MASCULINO;SUPERIOR COMPLETO;CASADO(A);BRANCA;ADVOGADO;NÃO ELEITO;N;APTO;87438;37168,67
160000617073;PR;GILSON MEZAROBBA;29;PCO;49;MASCULINO;SUPERIOR COMPLETO;CASADO(A);BRANCA;PROFESSOR DE ENSINO MÉDIO;NÃO ELEITO;N;APTO;10840;600
160000621503;PR;JOSÉ MARIA BONI;28;PRTB;41;MASCULINO;SUPERIOR COMPLETO;CASADO(A);BRANCA;ADMINISTRADOR;NÃO ELEITO;N;APTO;264518;17988,68
160000621567;PR;RODRIGO BRAGA CORTES FIALHO DOS REIS;28;PRTB;45;MASCULINO;SUPERIOR COMPLETO;CASADO(A);BRANCA;ADVOGADO;NÃO ELEITO;N;APTO;243353;91600
160000621960;PR;ROBERTO REQUIAO DE MELLO E SILVA;15;MDB;77;MASCULINO;SUPERIOR COMPLETO;CASADO(A);BRANCA;SENADOR;NÃO ELEITO;S;APTO;1528291;2185420,62
160000621964;PR;NELTON MIGUEL FRIEDRICH;12;PDT;71;MASCULINO;SUPERIOR COMPLETO;CASADO(A);BRANCA;ADVOGADO;NÃO ELEITO;N;APTO;269254;590200
160000622846;PR;ALEX CANZIANI SILVEIRA;14;PTB;54;MASCULINO;SUPERIOR COMPLETO;CASADO(A);BRANCA;DEPUTADO;NÃO ELEITO;N;APTO;1304719;1439193,89
160000623011;PR;MIRIAN APARECIDA GONÇALVES;13;PT;57;FEMININO;SUPERIOR COMPLETO;SOLTEIRO(A);BRANCA;ADVOGADO;NÃO ELEITO;N;APTO;599953;2254914,88
160000625760;PR;JACQUELINE PARMIGIANI;50;PSOL;55;FEMININO;SUPERIOR COMPLETO;CASADO(A);BRANCA;PROFESSOR DE ENSINO SUPERIOR;NÃO ELEITO;N;APTO;77450;12796,18
160000625767;PR;RODRIGO TOMAZINI DIAS;50;PSOL;41;MASCULINO;SUPERIOR INCOMPLETO;SOLTEIRO(A);BRANCA;SERVIDOR PÚBLICO ESTADUAL;NÃO ELEITO;N;APTO;35233;11986,26
160000626117;PR;ROSELAINE BARROSO FERREIRA;51;PATRI;35;FEMININO;SUPERIOR COMPLETO;SOLTEIRO(A);PARDA;ADVOGADO;NÃO ELEITO;N;APTO;49037;8900
170000604548;PE;HUMBERTO SÉRGIO COSTA LIMA;13;PT;61;MASCULINO;SUPERIOR COMPLETO;DIVORCIADO(A);PARDA;SENADOR;ELEITO;S;APTO;1713565;1868517,42
170000604551;PE;JARBAS DE ANDRADE VASCONCELOS;15;MDB;76;MASCULINO;SUPERIOR COMPLETO;DIVORCIADO(A);BRANCA;DEPUTADO;ELEITO;N;APTO;1430802;2336807,96
170000605130;PE;JOSE MENDONCA BEZERRA FILHO;25;DEM;52;MASCULINO;SUPERIOR COMPLETO;CASADO(A);PARDA;OUTROS;NÃO ELEITO;N;APTO;1302446;3172500
170000605133;PE;BRUNO CAVALCANTI DE ARAÚJO;45;PSDB;46;MASCULINO;SUPERIOR COMPLETO;CASADO(A);BRANCA;ADVOGADO;NÃO ELEITO;N;APTO;925371;2866807,46
170000606878;PE;HELIO CABRAL LIMA;16;PSTU;59;MASCULINO;SUPERIOR COMPLETO;CASADO(A);PRETA;PROFESSOR DE ENSINO SUPERIOR;NÃO ELEITO;N;APTO;16766;1930,5
170000607380;PE;MARIA EUGENIA WANDERLEY LIMA;50;PSOL;35;FEMININO;SUPERIOR COMPLETO;SOLTEIRO(A);PRETA;OUTROS;NÃO ELEITO;N;APTO;113703;25490,32
170000607402;PE;ALBANISE PIRES FERREIRA DE AZEVEDO;50;PSOL;52;FEMININO;SUPERIOR COMPLETO;SOLTEIRO(A);BRANCA;SERVIDOR PÚBLICO FEDERAL;NÃO ELEITO;N;APTO;142280;45566
170000617292;PE;LIDIA BRUNES SILVA DE SOUZA;90;PROS;38;FEMININO;SUPERIOR COMPLETO;SOLTEIRO(A);PRETA;ADMINISTRADOR;NÃO ELEITO;N;APTO;44727;191100
170000617293;PE;SILVIO SERAFIM COSTA;70;AVANTE;62;MASCULINO;SUPERIOR COMPLETO;CASADO(A);BRANCA;DEPUTADO;NÃO ELEITO;N;APTO;680435;421473,09
170000627506;PE;JAIRO LIMA DA SILVA;18;REDE;42;MASCULINO;SUPERIOR COMPLETO;CASADO(A);BRANCA;OUTROS;NÃO ELEITO;N;APTO;191059;20200
170000627509;PE;ADRIANA ROCHA DE HOLANDA COUTINHO;18;REDE;49;FEMININO;SUPERIOR COMPLETO;SOLTEIRO(A);BRANCA;ADVOGADO;NÃO ELEITO;N;APTO;91941;44485,55
180000600806;PI;LAFAYETTE PEREIRA ANDRADE;27;DC;59;MASCULINO;SUPERIOR COMPLETO;CASADO(A);BRANCA;ADVOGADO;NÃO ELEITO;N;APTO;5640;6000
180000600808;PI;JOAQUIM JOSE SARAIVA DA PENHA;27;DC;55;MASCULINO;ENSINO MÉDIO COMPLETO;CASADO(A);BRANCA;ESTUDANTE, BOLSISTA, ESTAGIÁRIO E ASSEMELHADOS;NÃO ELEITO;N;APTO;5792;6000
180000604101;PI;ROBERT RIOS MAGALHÃES;25;DEM;59;MASCULINO;SUPERIOR COMPLETO;DIVORCIADO(A);PARDA;DEPUTADO;NÃO ELEITO;N;APTO;248223;761776,61
180000604104;PI;WILSON NUNES MARTINS;40;PSB;65;MASCULINO;SUPERIOR COMPLETO;CASADO(A);BRANCA;MÉDICO;NÃO ELEITO;N;APTO;570065;1713901,77
180000607144;PI;FAUSTO LUIZ DUARTE RIPARDO;21;PCB;51;MASCULINO;SUPERIOR COMPLETO;CASADO(A);PARDA;PROFESSOR DE ENSINO MÉDIO;NÃO ELEITO;N;APTO;6932;10543,02
180000607150;PI;JESUS RODRIGUES ALVES;50;PSOL;59;MASCULINO;SUPERIOR COMPLETO;CASADO(A);BRANCA;OUTROS;NÃO ELEITO;N;APTO;72755;230748
180000608764;PI;MARCOS VINICIUS CUNHA DIAS;36;PTC;37;MASCULINO;SUPERIOR COMPLETO;CASADO(A);BRANCA;MÉDICO;NÃO ELEITO;N;APTO;72446;192836,03
180000608767;PI;FRANCINETO LUZ DE AGUIAR;10;PRB;48;MASCULINO;SUPERIOR COMPLETO;CASADO(A);PARDA;CANTOR E COMPOSITOR;NÃO ELEITO;N;APTO;151269;53100
180000613688;PI;JOÃO GERVASIO DOS SANTOS NETO;16;PSTU;52;MASCULINO;SUPERIOR COMPLETO;CASADO(A);PRETA;PROFESSOR DE ENSINO MÉDIO;NÃO ELEITO;N;APTO;4308;600
180000614004;PI;CIRO NOGUEIRA LIMA FILHO;11;PP;50;MASCULINO;SUPERIOR COMPLETO;CASADO(A);BRANCA;SENADOR;ELEITO;S;APTO;897959;2562928
180000614005;PI;MARCELO COSTA E CASTRO;15;MDB;68;MASCULINO;SUPERIOR COMPLETO;CASADO(A);BRANCA;DEPUTADO;ELEITO;N;APTO;812213;1638180,84
180000615099;PI;FLÁVIA DA SILVA OLIVEIRA BARBOSA;44;PRP;40;FEMININO;SUPERIOR COMPLETO;CASADO(A);BRANCA;OUTROS;NÃO ELEITO;N;APTO;23645;26037,5
180000622409;PI;GENIVAL OLIVEIRA LIMA;20;PSC;61;MASCULINO;SUPERIOR COMPLETO;SOLTEIRO(A);PRETA;APOSENTADO (EXCETO SERVIDOR PÚBLICO);NÃO ELEITO;N;APTO;16329;3415
180000625900;PI;ANTÔNIO JOSÉ DE FREITAS LIRA;17;PSL;58;MASCULINO;SUPERIOR INCOMPLETO;CASADO(A);BRANCA;EMPRESÁRIO;NÃO ELEITO;N;APTO;58336;6350
180000625910;PI;ELIZEU MORAIS DE AGUIAR;17;PSL;52;MASCULINO;ENSINO MÉDIO COMPLETO;CASADO(A);PARDA;EMPRESÁRIO;NÃO ELEITO;N;APTO;0;21410
180000626178;PI;FRANCISCO DAS CHAGAS COSTA OLIVEIRA;70;AVANTE;47;MASCULINO;ENSINO MÉDIO COMPLETO;CASADO(A);PARDA;EMPRESÁRIO;NÃO ELEITO;N;APTO;21075;22855
180000626505;PI;ALBETIZA MOREIRA DE ARAUJO;29;PCO;50;FEMININO;SUPERIOR COMPLETO;SOLTEIRO(A);PARDA;PROFESSOR DE ENSINO MÉDIO;NÃO ELEITO;N;APTO;6669;1600
180000626826;PI;PAULO HENRIQUE DA COSTA PINHEIRO;18;REDE;49;MASCULINO;SUPERIOR COMPLETO;CASADO(A);PARDA;PROFESSOR DE ENSINO SUPERIOR;NÃO ELEITO;N;APTO;27477;16728,61
190000602067;RJ;FRANCISCO RODRIGUES DE ALENCAR FILHO;50;PSOL;69;MASCULINO;SUPERIOR COMPLETO;DIVORCIADO(A);PARDA;DEPUTADO;NÃO ELEITO;N;APTO;1281373;405379,9
190000602070;RJ;MARTA MARIA BARÇANTE PIRES;21;PCB;63;FEMININO;SUPERIOR COMPLETO;VIÚVO(A);BRANCA;SERVIDOR PÚBLICO CIVIL APOSENTADO;NÃO ELEITO;N;APTO;52734;76336,27
190000607897;RJ;SAMANTHA ARAUJO GUEDES;16;PSTU;45;FEMININO;ENSINO MÉDIO COMPLETO;DIVORCIADO(A);PRETA;SERVIDOR PÚBLICO MUNICIPAL;NÃO ELEITO;N;APTO;13680;17721,45
190000607900;RJ;CYRO GARCIA;16;PSTU;64;MASCULINO;SUPERIOR COMPLETO;CASADO(A);PRETA;PROFESSOR DE ENSINO SUPERIOR;NÃO ELEITO;N;APTO;45588;21797,9
190000607913;RJ;AROLDE DE OLIVEIRA;55;PSD;81;MASCULINO;SUPERIOR COMPLETO;CASADO(A);BRANCA;DEPUTADO;ELEITO;N;APTO;2382265;1054000
190000609936;RJ;CESAR EPITÁCIO MAIA;25;DEM;73;MASCULINO;SUPERIOR COMPLETO;CASADO(A);BRANCA;VEREADOR;NÃO ELEITO;N;APTO;2327634;4183017,6
190000609940;RJ;ASPASIA BRASILEIRO ALCANTARA DE CAMARGO;45;PSDB;75;FEMININO;SUPERIOR COMPLETO;CASADO(A);BRANCA;SERVIDOR PÚBLICO CIVIL APOSENTADO;NÃO ELEITO;N;APTO;248868;1030900,31
190000610856;RJ;MIRO TEIXEIRA;18;REDE;73;MASCULINO;SUPERIOR COMPLETO;CASADO(A);BRANCA;DEPUTADO;NÃO ELEITO;N;APTO;430893;880588,96
190000612302;RJ;EVERALDO DIAS PEREIRA;20;PSC;62;MASCULINO;SUPERIOR COMPLETO;CASADO(A);PARDA;CORRETOR DE IMÓVEIS, SEGUROS, TÍTULOS E VALORES;NÃO ELEITO;N;APTO;360688;650187,57
190000613600;RJ;LUIZ LINDBERGH FARIAS FILHO;13;PT;49;MASCULINO;ENSINO MÉDIO COMPLETO;SOLTEIRO(A);BRANCA;SENADOR;NÃO ELEITO;S;APTO;1419676;2221939,51
190000614721;RJ;FLÁVIO NANTES BOLSONARO;17;PSL;37;MASCULINO;SUPERIOR COMPLETO;CASADO(A);BRANCA;DEPUTADO;ELEITO;N;APTO;4380418;712212
190000615552;RJ;JOSE BONIFACIO FERREIRA NOVELINO;12;PDT;73;MASCULINO;SUPERIOR COMPLETO;DIVORCIADO(A);BRANCA;ECONOMISTA;NÃO ELEITO;N;APTO;313265;530275
190000621820;RJ;EDUARDO BENEDITO LOPES;10;PRB;54;MASCULINO;SUPERIOR COMPLETO;CASADO(A);BRANCA;SENADOR;NÃO ELEITO;S;APTO;507850;2923667,4
190000626243;RJ;MATUSAEL DO NASCIMENTO;28;PRTB;64;MASCULINO;ENSINO MÉDIO COMPLETO;CASADO(A);BRANCA;MÚSICO;NÃO ELEITO;N;APTO;173968;50498,23
190000628313;RJ;GABRIELLE BURCCI ALVES DOS REIS;35;PMB;45;FEMININO;SUPERIOR COMPLETO;CASADO(A);BRANCA;OUTROS;NÃO ELEITO;N;APTO;27081;14165
200000601385;RN;TELMA GURGEL DA SILVA;50;PSOL;54;FEMININO;SUPERIOR COMPLETO;DIVORCIADO(A);PRETA;ASSISTENTE SOCIAL;NÃO ELEITO;N;APTO;23846;23660,75
200000601386;RN;LAILSON DE ALMEIDA;50;PSOL;68;MASCULINO;SUPERIOR COMPLETO;CASADO(A);PARDA;PROFESSOR DE ENSINO SUPERIOR;NÃO ELEITO;N;APTO;7420;18254,22
200000602577;RN;MARIA MAGNOLIA SOUSA FIGUEIREDO;77;SOLIDARIEDADE;55;FEMININO;SUPERIOR COMPLETO;CASADO(A);BRANCA;SERVIDOR PÚBLICO MUNICIPAL;NÃO ELEITO;N;APTO;114055;296261
200000602579;RN;JOANILSON DE PAULA REGO;27;DC;82;MASCULINO;SUPERIOR COMPLETO;CASADO(A);BRANCA;ADVOGADO;NÃO ELEITO;N;APTO;15418;3500
200000606724;RN;ALEXANDRE MOTTA CAMARA;13;PT;54;MASCULINO;SUPERIOR COMPLETO;CASADO(A);BRANCA;MÉDICO;NÃO ELEITO;N;APTO;242465;280858
200000606729;RN;ZENAIDE MAIA CALADO PEREIRA DOS SANTOS;31;PHS;64;FEMININO;SUPERIOR COMPLETO;CASADO(A);BRANCA;DEPUTADO;ELEITO;N;APTO;660315;1094640
200000610643;RN;ANTÔNIO JÁCOME DE LIMA JUNIOR;19;PODE;56;MASCULINO;SUPERIOR COMPLETO;CASADO(A);BRANCA;MÉDICO;NÃO ELEITO;N;APTO;307399;937253,53
200000610644;RN;GARIBALDI ALVES FILHO;15;MDB;71;MASCULINO;SUPERIOR COMPLETO;CASADO(A);BRANCA;SENADOR;NÃO ELEITO;S;APTO;376199;2135050
200000611398;RN;GERALDO JOSE DA CAMARA FERREIRA DE MELO;45;PSDB;83;MASCULINO;SUPERIOR COMPLETO;CASADO(A);BRANCA;EMPRESÁRIO;NÃO ELEITO;N;APTO;382249;1044666,66
200000611620;RN;ANA CELIA SIQUEIRA FERREIRA;16;PSTU;52;FEMININO;SUPERIOR COMPLETO;SOLTEIRO(A);PRETA;PROFESSOR DE ENSINO FUNDAMENTAL;NÃO ELEITO;N;APTO;8233;282
200000611622;RN;JOÃO MORAIS PEREIRA;16;PSTU;53;MASCULINO;SUPERIOR INCOMPLETO;CASADO(A);PRETA;SERVIDOR PÚBLICO ESTADUAL;NÃO ELEITO;N;APTO;4291;210
200000626720;RN;EANN STYVENSON VALENTIM MENDES;18;REDE;41;MASCULINO;SUPERIOR COMPLETO;CASADO(A);BRANCA;POLICIAL MILITAR;ELEITO;N;APTO;745827;44561,41
200000627396;RN;JOÃO MARIA NAPOLEÃO DE MEDEIROS;18;REDE;50;MASCULINO;SUPERIOR COMPLETO;CASADO(A);PARDA;SERVIDOR PÚBLICO MUNICIPAL;NÃO ELEITO;N;APTO;7166;7794
210000600026;RS;ROMER DOS SANTOS GUEX;50;PSOL;54;MASCULINO;SUPERIOR COMPLETO;CASADO(A);PARDA;ADVOGADO;NÃO ELEITO;N;APTO;49023;20527,74
210000600029;RS;CLEBER BARCELOS SOARES;21;PCB;45;MASCULINO;SUPERIOR COMPLETO;SOLTEIRO(A);PRETA;SERVIDOR PÚBLICO FEDERAL;NÃO ELEITO;N;APTO;23963;15264,16
210000603704;RS;CARMEN ZOLEIKE FLORES INACIO;17;PSL;65;FEMININO;ENSINO MÉDIO COMPLETO;VIÚVO(A);BRANCA;EMPRESÁRIO;NÃO ELEITO;N;APTO;1509157;449886
210000604669;RS;SANDRA REGINA MARÇOLLA WEBER;77;SOLIDARIEDADE;57;FEMININO;SUPERIOR COMPLETO;CASADO(A);BRANCA;MÉDICO;NÃO ELEITO;N;APTO;263411;238265
210000604671;RS;ANA CARLA VARELA DO NASCIMENTO;19;PODE;39;FEMININO;ENSINO MÉDIO COMPLETO;CASADO(A);BRANCA;CORRETOR DE IMÓVEIS, SEGUROS, TÍTULOS E VALORES;NÃO ELEITO;N;APTO;101504;651000
210000605578;RS;LUIZ CARLOS MACHADO;27;DC;64;MASCULINO;SUPERIOR COMPLETO;CASADO(A);BRANCA;ADMINISTRADOR;NÃO ELEITO;N;APTO;0;9728
210000606445;RS;PAULO RENATO PAIM;13;PT;68;MASCULINO;ENSINO MÉDIO COMPLETO;CASADO(A);PRETA;SENADOR;ELEITO;S;APTO;1875245;1517298,6
210000606449;RS;DILCE ABGAIL RODRIGUES PEREIRA;65;PC do B;58;FEMININO;SUPERIOR COMPLETO;DIVORCIADO(A);BRANCA;PEDAGOGO;NÃO ELEITO;N;APTO;970286;317394
210000606869;RS;LUIZ ROBERTO DE ALBUQUERQUE;40;PSB;56;MASCULINO;SUPERIOR COMPLETO;CASADO(A);BRANCA;ADVOGADO;NÃO ELEITO;N;APTO;1713792;1917969,1
210000606874;RS;JOSÉ ALBERTO FOGAÇA DE MEDEIROS;15;MDB;72;MASCULINO;SUPERIOR COMPLETO;CASADO(A);BRANCA;PROFESSOR DE ENSINO SUPERIOR;NÃO ELEITO;N;APTO;1465700;2502526,8
210000610051;RS;MARLI SCHAULE;16;PSTU;62;FEMININO;SUPERIOR COMPLETO;CASADO(A);BRANCA;PROFESSOR DE ENSINO MÉDIO;NÃO ELEITO;N;APTO;26242;958
210000610053;RS;JOÃO AUGUSTO DE MORAES GOMES;16;PSTU;49;MASCULINO;SUPERIOR INCOMPLETO;CASADO(A);BRANCA;SERVIDOR PÚBLICO FEDERAL;NÃO ELEITO;N;APTO;7963;950
210000622363;RS;MARIO BERND NETO;23;PPS;68;MASCULINO;SUPERIOR COMPLETO;DIVORCIADO(A);BRANCA;MÉDICO;NÃO ELEITO;N;APTO;233747;441375
210000622364;RS;LUIS CARLOS HEINZE;11;PP;68;MASCULINO;SUPERIOR COMPLETO;CASADO(A);BRANCA;DEPUTADO;ELEITO;N;APTO;2316365;2926797,21
220000600266;RO;FABRICIO GRISI MÉDICI JURADO;30;NOVO;43;MASCULINO;SUPERIOR COMPLETO;CASADO(A);BRANCA;ADVOGADO;NÃO ELEITO;N;APTO;34770;102590,65
220000604628;RO;CARLOS MAGNO RAMOS;11;PP;60;MASCULINO;ENSINO MÉDIO COMPLETO;CASADO(A);PARDA;OUTROS;NÃO ELEITO;N;APTO;163859;2045060
220000604629;RO;JESUALDO PIRES FERREIRA JUNIOR;40;PSB;59;MASCULINO;SUPERIOR COMPLETO;CASADO(A);BRANCA;PREFEITO;NÃO ELEITO;N;APTO;195641;2171783,37
220000609853;RO;MARCOS ROGÉRIO DA SILVA BRITO;25;DEM;40;MASCULINO;SUPERIOR COMPLETO;CASADO(A);BRANCA;JORNALISTA E REDATOR;ELEITO;N;APTO;324939;2253910
220000609854;RO;EDESIO FERNANDES DA SILVA;10;PRB;50;MASCULINO;SUPERIOR COMPLETO;CASADO(A);BRANCA;OUTROS;NÃO ELEITO;N;APTO;43539;162320
220000618466;RO;VALDIR RAUPP DE MATOS;15;MDB;63;MASCULINO;SUPERIOR COMPLETO;CASADO(A);BRANCA;SENADOR;NÃO ELEITO;S;APTO;80370;2404152,13
220000618467;RO;CONFUCIO AIRES MOURA;15;MDB;70;MASCULINO;SUPERIOR COMPLETO;CASADO(A);PARDA;MÉDICO;ELEITO;N;APTO;230361;2483297,33
220000625840;RO;JAIME MAXIMINO BAGATTOLI;17;PSL;57;MASCULINO;ENSINO MÉDIO INCOMPLETO;CASADO(A);BRANCA;EMPRESÁRIO;NÃO ELEITO;N;APTO;212077;2346592,04
220000627024;RO;TED WILSON DE ALMEIDA FERREIRA;28;PRTB;49;MASCULINO;ENSINO MÉDIO COMPLETO;CASADO(A);PARDA;OUTROS;NÃO ELEITO;N;APTO;13091;6086
220000627641;RO;ALUÍZIO VIDAL FLOR;18;REDE;50;MASCULINO;SUPERIOR COMPLETO;CASADO(A);PARDA;PSICÓLOGO;NÃO ELEITO;N;APTO;51917;72632
230000601673;RR;FRANCISCO DE ASSIS RODRIGUES;25;DEM;67;MASCULINO;SUPERIOR COMPLETO;CASADO(A);PARDA;ENGENHEIRO;ELEITO;N;APTO;111466;891508,26
230000601676;RR;ROMERO JUCÁ FILHO;15;MDB;64;MASCULINO;SUPERIOR COMPLETO;CASADO(A);BRANCA;SENADOR;NÃO ELEITO;S;APTO;84940;2250000
230000609417;RR;ISAMAR PESSOA RAMALHO;17;PSL;56;MASCULINO;SUPERIOR COMPLETO;CASADO(A);PARDA;SERVIDOR PÚBLICO ESTADUAL;NÃO ELEITO;N;APTO;52028;203750
230000609420;RR;ANTÔNIO MECIAS PEREIRA DE JESUS;10;PRB;56;MASCULINO;SUPERIOR COMPLETO;CASADO(A);PRETA;ADMINISTRADOR;ELEITO;N;APTO;85366;2380209,03
230000614179;RR;LOURIVAL GOMES DA SILVA FERREIRA;16;PSTU;35;MASCULINO;ENSINO MÉDIO COMPLETO;SOLTEIRO(A);BRANCA;TRABALHADOR DE CONSTRUÇÃO CIVIL;NÃO ELEITO;N;APTO;1866;3388,89
230000614196;RR;TELMA MARQUES DA SILVA;21;PCB;46;FEMININO;ENSINO MÉDIO COMPLETO;SOLTEIRO(A);INDÍGENA;PROFESSOR DE ENSINO FUNDAMENTAL;NÃO ELEITO;N;APTO;13839;75922,74
230000614386;RR;LUCIANO DE SOUZA CASTRO;22;PR;69;MASCULINO;SUPERIOR COMPLETO;DIVORCIADO(A);BRANCA;ECONOMISTA;NÃO ELEITO;N;APTO;56147;2500000
230000614388;RR;ANGELA MARIA GOMES PORTELA;12;PDT;56;FEMININO;SUPERIOR COMPLETO;CASADO(A);BRANCA;SENADOR;NÃO ELEITO;S;APTO;64164;1728200
230000615947;RR;JULIO AUGUSTO MAGALHÃES MARTINS;14;PTB;81;MASCULINO;ENSINO MÉDIO COMPLETO;CASADO(A);PARDA;APOSENTADO (EXCETO SERVIDOR PÚBLICO);NÃO ELEITO;N;APTO;20004;49940
230000615949;RR;RUDSON LEITE DA SILVA;43;PV;55;MASCULINO;SUPERIOR COMPLETO;CASADO(A);PARDA;SENADOR;NÃO ELEITO;S;APTO;5755;181160,19
240000601867;SC;PEDRO CABRAL FILHO;50;PSOL;58;MASCULINO;SUPERIOR COMPLETO;SOLTEIRO(A);PRETA;PROFESSOR DE ENSINO FUNDAMENTAL;NÃO ELEITO;N;APTO;63523;18667,61
240000601872;SC;ANTÔNIO VALMOR DE CAMPOS;50;PSOL;55;MASCULINO;SUPERIOR COMPLETO;CASADO(A);BRANCA;PROFESSOR DE ENSINO SUPERIOR;NÃO ELEITO;N;APTO;51191;18287,68
240000609536;SC;PAULO ROBERTO BAUER;45;PSDB;61;MASCULINO;SUPERIOR COMPLETO;CASADO(A);BRANCA;CONTADOR;NÃO ELEITO;S;APTO;802037;2552286,47
240000609539;SC;JORGINHO DOS SANTOS MELLO;22;PR;62;MASCULINO;SUPERIOR COMPLETO;DIVORCIADO(A);PARDA;DEPUTADO;ELEITO;N;APTO;1179757;3166450,09
240000609726;SC;LUCAS DE SOUZA ESMERALDINO;17;PSL;35;MASCULINO;SUPERIOR COMPLETO;CASADO(A);BRANCA;ODONTÓLOGO;NÃO ELEITO;N;APTO;1161662;300355,27
240000610040;SC;RICARDO WALTER LAUTERT;16;PSTU;37;MASCULINO;SUPERIOR COMPLETO;CASADO(A);BRANCA;PROFESSOR DE ENSINO MÉDIO;NÃO ELEITO;N;APTO;13845;800
240000614221;SC;ROBERTO LUIZ SALUM;33;PMN;62;MASCULINO;SUPERIOR COMPLETO;SOLTEIRO(A);BRANCA;SERVIDOR PÚBLICO ESTADUAL;NÃO ELEITO;N;APTO;246686;21659,61
240000616320;SC;MIRIAM PROCHNOW;18;REDE;54;FEMININO;SUPERIOR COMPLETO;CASADO(A);BRANCA;OUTROS;NÃO ELEITO;N;APTO;84486;49042,35
240000617002;SC;ANDREÁ LUCIANO CARVALHO;29;PCO;46;FEMININO;ENSINO MÉDIO COMPLETO;SOLTEIRO(A);BRANCA;COMERCIÁRIO;NÃO ELEITO;N;APTO;0;1600
240000621322;SC;JOÃO RAIMUNDO COLOMBO;55;PSD;63;MASCULINO;ENSINO MÉDIO INCOMPLETO;SEPARADO(A) JUDICIALMENTE;BRANCA;ADMINISTRADOR;NÃO ELEITO;N;APTO;999043;1327227,8
240000621326;SC;ESPERIDIÃO AMIN HELOU FILHO;11;PP;71;MASCULINO;SUPERIOR COMPLETO;CASADO(A);BRANCA;DEPUTADO;ELEITO;N;APTO;1226064;2395758,4
240000624339;SC;IDELI SALVATTI;13;PT;66;FEMININO;SUPERIOR COMPLETO;CASADO(A);BRANCA;APOSENTADO (EXCETO SERVIDOR PÚBLICO);NÃO ELEITO;N;APTO;336449;1388531,16
240000624344;SC;LÉDIO ROSA DE ANDRADE;13;PT;60;MASCULINO;SUPERIOR COMPLETO;SOLTEIRO(A);BRANCA;ADVOGADO;NÃO ELEITO;N;APTO;327226;475588,04
250000601476;SP;DANIEL TOJEIRA CARA;50;PSOL;41;MASCULINO;SUPERIOR COMPLETO;CASADO(A);BRANCA;CIENTISTA POLÍTICO;NÃO ELEITO;N;APTO;440118;48928,04
250000601571;SP;SILVIA ANDREA FERRARO;50;PSOL;49;FEMININO;SUPERIOR COMPLETO;SOLTEIRO(A);BRANCA;PROFESSOR DE ENSINO FUNDAMENTAL;NÃO ELEITO;N;APTO;543583;76252,04
250000601941;SP;DIOGO RIBEIRO DA LUZ;30;NOVO;61;MASCULINO;SUPERIOR INCOMPLETO;CASADO(A);BRANCA;PILOTO DE AVIAÇÃO COMERCIAL, NAVEGADOR, MECÂNICO DE VÔO E ASSEMELHADOS;NÃO ELEITO;N;APTO;1778884;175690,35
250000604051;SP;MARCELO FORTES BARBIERI;15;MDB;62;MASCULINO;SUPERIOR COMPLETO;CASADO(A);BRANCA;ADMINISTRADOR;NÃO ELEITO;N;APTO;386880;878042,66
250000604052;SP;MARIA APARECIDA PINTO;15;MDB;61;FEMININO;SUPERIOR COMPLETO;SOLTEIRO(A);PRETA;APOSENTADO (EXCETO SERVIDOR PÚBLICO);NÃO ELEITO;N;APTO;587859;634056,16
250000609178;SP;ELIANA LÚCIA FERREIRA;16;PSTU;51;FEMININO;SUPERIOR COMPLETO;DIVORCIADO(A);BRANCA;ADVOGADO;NÃO ELEITO;N;APTO;60731;28980
250000609180;SP;LUIZ CARLOS PRATES;16;PSTU;63;MASCULINO;SUPERIOR INCOMPLETO;SOLTEIRO(A);PRETA;ELETRICISTA E ASSEMELHADOS;NÃO ELEITO;N;APTO;21183;27356,35
250000612593;SP;MARA CRISTINA GABRILLI;45;PSDB;51;FEMININO;SUPERIOR COMPLETO;SOLTEIRO(A);BRANCA;DEPUTADO;ELEITO;N;APTO;6513282;5327773,62
250000612594;SP;JOSÉ RICARDO ALVARENGA TRIPOLI;45;PSDB;66;MASCULINO;SUPERIOR COMPLETO;CASADO(A);BRANCA;DEPUTADO;NÃO ELEITO;N;APTO;3154058;2378860,53
250000615143;SP;MAURREN HIGA MAGGI;40;PSB;42;FEMININO;ENSINO MÉDIO COMPLETO;SOLTEIRO(A);BRANCA;ATLETA PROFISSIONAL E TÉCNICO EM DESPORTOS;NÃO ELEITO;N;APTO;2979856;3813831
250000615144;SP;MÁRIO COVAS NETO;19;PODE;59;MASCULINO;SUPERIOR COMPLETO;CASADO(A);BRANCA;ADVOGADO;NÃO ELEITO;N;APTO;2127983;2561309,32
250000615466;SP;SERGIO OLIMPIO GOMES;17;PSL;56;MASCULINO;SUPERIOR COMPLETO;CASADO(A);BRANCA;DEPUTADO;ELEITO;N;APTO;9039717;380323,96
250000617722;SP;PEDRO HENRIQUE HENRIQUES FERNANDES;18;REDE;35;MASCULINO;SUPERIOR COMPLETO;DIVORCIADO(A);PARDA;PROFESSOR DE ENSINO SUPERIOR;NÃO ELEITO;N;APTO;136466;22303,6
250000617745;SP;MOIRA LÁZARO DA SILVA;18;REDE;38;FEMININO;SUPERIOR COMPLETO;SOLTEIRO(A);BRANCA;PROFESSOR DE ENSINO FUNDAMENTAL;NÃO ELEITO;N;APTO;129146;3350
250000623558;SP;ANTONIO FERNANDES DOS SANTOS NETO;12;PDT;66;MASCULINO;SUPERIOR COMPLETO;CASADO(A);BRANCA;ANALISTA DE SISTEMAS;NÃO ELEITO;N;APTO;358432;722865
250000623886;SP;JILMAR AUGUSTINHO TATTO;13;PT;53;MASCULINO;SUPERIOR COMPLETO;CASADO(A);BRANCA;PROFESSOR DE ENSINO MÉDIO;NÃO ELEITO;N;APTO;2103377;418112,35
250000623887;SP;EDUARDO MATARAZZO SUPLICY;13;PT;77;MASCULINO;SUPERIOR COMPLETO;DIVORCIADO(A);BRANCA;VEREADOR;NÃO ELEITO;N;APTO;4667565;1300823,66
260000600284;SE;SONIA MEIRE SANTOS AZEVEDO DE JESUS;50;PSOL;56;FEMININO;SUPERIOR COMPLETO;VIÚVO(A);PARDA;PROFESSOR DE ENSINO SUPERIOR;NÃO ELEITO;N;APTO;62770;24796,14
260000600292;SE;JOSSIMÁRIO DE SOUZA MICK;50;PSOL;35;MASCULINO;SUPERIOR COMPLETO;SOLTEIRO(A);PRETA;PROFESSOR DE ENSINO MÉDIO;NÃO ELEITO;N;APTO;11650;10299,19
260000601810;SE;ALESSANDRO VIEIRA;18;REDE;43;MASCULINO;SUPERIOR COMPLETO;CASADO(A);PARDA;POLICIAL CIVIL;ELEITO;N;APTO;474449;102518,08
260000610534;SE;REYNALDO NUNES DE MORAIS;43;PV;53;MASCULINO;SUPERIOR COMPLETO;CASADO(A);PARDA;SERVIDOR PÚBLICO ESTADUAL;NÃO ELEITO;N;APTO;27147;429894,08
260000610791;SE;CLARCKSON MESSIAS ARAUJO DO NASCIMENTO;16;PSTU;62;MASCULINO;SUPERIOR COMPLETO;CASADO(A);PRETA;PETROLEIRO;NÃO ELEITO;N;APTO;2960;13800
260000614792;SE;ANTONIO CARLOS VALADARES;40;PSB;75;MASCULINO;SUPERIOR COMPLETO;CASADO(A);PARDA;SENADOR;NÃO ELEITO;S;APTO;175155;640442,71
260000614793;SE;HENRI CLAY SANTOS ANDRADE;54;PPL;49;MASCULINO;SUPERIOR COMPLETO;CASADO(A);BRANCA;ADVOGADO;NÃO ELEITO;N;APTO;109562;1185103,18
260000621976;SE;ANDRÉ LUIS DANTAS FERREIRA;20;PSC;46;MASCULINO;SUPERIOR INCOMPLETO;CASADO(A);BRANCA;DEPUTADO;NÃO ELEITO;N;APTO;251213;2504290
260000621984;SE;JOSÉ HELENO DA SILVA;10;PRB;51;MASCULINO;SUPERIOR INCOMPLETO;CASADO(A);BRANCA;AGRÔNOMO;NÃO ELEITO;N;APTO;165039;2686476,71
260000623589;SE;JACKSON BARRETO DE LIMA;15;MDB;74;MASCULINO;SUPERIOR COMPLETO;SOLTEIRO(A);BRANCA;ADVOGADO;NÃO ELEITO;N;APTO;204677;1563601,49
260000623617;SE;ROGERIO CARVALHO SANTOS;13;PT;50;MASCULINO;SUPERIOR COMPLETO;DIVORCIADO(A);BRANCA;PROFESSOR DE ENSINO SUPERIOR;ELEITO;N;APTO;300247;1213199,41
260000624581;SE;CARLOS EDUARDO SILVA;17;PSL;36;MASCULINO;SUPERIOR INCOMPLETO;CASADO(A);BRANCA;EMPRESÁRIO;NÃO ELEITO;N;APTO;43215;4855
270000602793;TO;ATAÍDES DE OLIVEIRA;45;PSDB;59;MASCULINO;SUPERIOR COMPLETO;CASADO(A);BRANCA;EMPRESÁRIO;NÃO ELEITO;S;APTO;170012;2440492,36
270000602794;TO;VICENTE ALVES DE OLIVEIRA;22;PR;61;MASCULINO;SUPERIOR INCOMPLETO;CASADO(A);PARDA;SENADOR;NÃO ELEITO;S;APTO;176012;1824559,09
270000618820;TO;CÉSAR HANNA HALUN;10;PRB;64;MASCULINO;SUPERIOR COMPLETO;CASADO(A);BRANCA;VETERINÁRIO;NÃO ELEITO;N;APTO;184235;2259556,42
270000625482;TO;ANTONIO JORGE GODINHO;17;PSL;67;MASCULINO;SUPERIOR COMPLETO;SOLTEIRO(A);PARDA;PECUARISTA;NÃO ELEITO;N;APTO;66089;89000
270000625486;TO;FARLEI MEYER;17;PSL;49;MASCULINO;SUPERIOR COMPLETO;CASADO(A);BRANCA;SERVIDOR PÚBLICO FEDERAL;NÃO ELEITO;N;APTO;65676;19429,82
270000626087;TO;IRAJÁ SILVESTRE FILHO;55;PSD;35;MASCULINO;SUPERIOR COMPLETO;DIVORCIADO(A);BRANCA;EMPRESÁRIO;ELEITO;N;APTO;214355;1112592,1
270000626090;TO;PAULO SARDINHA MOURÃO;13;PT;62;MASCULINO;SUPERIOR COMPLETO;CASADO(A);BRANCA;EMPRESÁRIO;NÃO ELEITO;N;APTO;137654;1278422,94
270000627774;TO;MELQUESEDEC MAGALHAES AIRES;50;PSOL;55;MASCULINO;SUPERIOR COMPLETO;VIÚVO(A);BRANCA;COMERCIÁRIO;NÃO ELEITO;N;APTO;12312;12085,6
270000629454;TO;CARLOS EDUARDO TORRES GOMES;77;SOLIDARIEDADE;52;MASCULINO;ENSINO MÉDIO COMPLETO;CASADO(A);BRANCA;OUTROS;ELEITO;N;APTO;248358;2418885,5
